,type,theme,year,account_number,total_emissions
0,cid,combined,2018,58671,
1,cid,combined,2018,59167,
2,cid,combined,2018,50553,
3,cid,combined,2018,826407,
4,cid,combined,2018,60375,
5,cid,combined,2018,54337,3561386
6,cid,combined,2018,55331,
7,cid,combined,2018,74414,2321769
8,cid,combined,2018,831618,
9,cid,combined,2018,60603,
10,cid,combined,2018,10495,
11,cid,combined,2018,831811,
12,cid,combined,2018,54114,
13,cid,combined,2018,50383,
14,cid,combined,2018,57509,1134407.8
15,cid,combined,2018,50396,
16,cid,combined,2018,69985,
17,cid,combined,2018,50665,
18,cid,combined,2018,60268,
19,cid,combined,2018,59535,
20,cid,combined,2018,35449,1095811
21,cid,combined,2018,59572,
22,cid,combined,2018,54354,
23,cid,combined,2018,54517,
24,cid,combined,2018,37261,
25,cid,combined,2018,31185,
26,cid,combined,2018,61427,
27,cid,combined,2018,53959,
28,cid,combined,2018,35274,
29,cid,combined,2018,60340,
30,cid,combined,2018,70261,
31,cid,combined,2018,831617,
32,cid,combined,2018,58543,
33,cid,combined,2018,58795,
34,cid,combined,2018,43907,
35,cid,combined,2018,54277,
36,cid,combined,2018,31154,
37,cid,combined,2018,35858,9701575
38,cid,combined,2018,50550,
39,cid,combined,2018,74440,
40,cid,combined,2018,831962,
41,cid,combined,2018,49334,1367962
42,cid,combined,2018,62814,
43,cid,combined,2018,43917,2785108
44,cid,combined,2018,36154,
45,cid,combined,2018,50378,939862.57
46,cid,combined,2018,50385,
47,cid,combined,2018,50558,2780300
48,cid,combined,2018,31009,
49,cid,combined,2018,60599,
50,cid,combined,2018,74495,
51,cid,combined,2018,50679,
52,cid,combined,2018,54444,
53,cid,combined,2018,31153,
54,cid,combined,2018,54108,
55,cid,combined,2018,50551,4148034
56,cid,combined,2018,52638,737282
57,cid,combined,2018,35880,2351195
58,cid,combined,2018,20113,2536992
59,cid,combined,2018,31055,
60,cid,combined,2018,60223,
61,cid,combined,2018,51374,
62,cid,combined,2018,55371,
63,cid,combined,2018,69834,365148.77
64,cid,combined,2018,60229,
65,cid,combined,2018,60407,
66,cid,combined,2018,54113,
67,cid,combined,2018,73293,
68,cid,combined,2018,826431,
69,cid,combined,2018,74423,
70,cid,combined,2018,54084,1005266
71,cid,combined,2018,54559,
72,cid,combined,2018,58461,
73,cid,combined,2018,36261,
74,cid,combined,2018,54291,
75,cid,combined,2018,50386,
76,cid,combined,2018,50544,
77,cid,combined,2018,31163,
78,cid,combined,2018,50364,
79,cid,combined,2018,55801,383625
80,cid,combined,2018,49787,93726.37
81,cid,combined,2018,50559,903407
82,cid,combined,2018,55799,1067210
83,cid,combined,2018,59536,
84,cid,combined,2018,54687,
85,cid,combined,2018,55418,
86,cid,combined,2018,50571,
87,cid,combined,2018,42123,
88,cid,combined,2018,55616,
89,cid,combined,2018,35877,
90,cid,combined,2018,36004,
91,cid,combined,2018,50391,
92,cid,combined,2018,73295,
93,cid,combined,2018,35393,2882605
94,cid,combined,2018,60206,
95,cid,combined,2018,31051,
96,cid,combined,2018,73301,
97,cid,combined,2018,35907,
98,cid,combined,2018,50220,1871017
99,cid,combined,2018,54608,827.954
100,cid,combined,2018,36036,
101,cid,combined,2018,50543,
102,cid,combined,2018,55372,
103,cid,combined,2018,74573,
104,cid,combined,2018,31148,
105,cid,combined,2018,68383,
106,cid,combined,2018,55800,
107,cid,combined,2018,59631,548456.82
108,cid,combined,2018,49367,
109,cid,combined,2018,31110,8407712
110,cid,combined,2018,54678,
111,cid,combined,2018,54430,
112,cid,combined,2018,60679,
113,cid,combined,2018,59156,
114,cid,combined,2018,35863,12088612
115,cid,combined,2018,36274,
116,cid,combined,2018,52894,
117,cid,combined,2018,54402,
118,cid,combined,2018,31109,955783
119,cid,combined,2018,50578,2593309
120,cid,combined,2018,35857,4346533
121,cid,combined,2018,31172,21327895.49
122,cid,combined,2018,54697,
123,cid,combined,2018,31176,17326232
124,cid,combined,2018,54682,
125,cid,combined,2018,50579,
126,cid,combined,2018,54498,
127,cid,combined,2018,3417,35850141
128,cid,combined,2018,50394,2309846
129,cid,combined,2018,43934,
130,cid,combined,2018,74504,
131,cid,combined,2018,43938,
132,cid,combined,2018,50565,
133,cid,combined,2018,60318,17164389.21
134,cid,combined,2018,58424,
135,cid,combined,2018,54615,
136,cid,combined,2018,58489,142768
137,cid,combined,2018,54510,
138,cid,combined,2018,60413,
139,cid,combined,2018,50357,39246500
140,cid,combined,2018,54405,
141,cid,combined,2018,59124,
142,cid,combined,2018,831823,
143,cid,combined,2018,50562,884432.84
144,cid,combined,2018,31446,3649758
145,cid,combined,2018,60127,
146,cid,combined,2018,60233,
147,cid,combined,2018,36041,
148,cid,combined,2018,14088,
149,cid,combined,2018,63615,
150,cid,combined,2018,54579,
151,cid,combined,2018,50370,
152,cid,combined,2018,54488,
153,cid,combined,2018,60399,
154,cid,combined,2018,54692,
155,cid,combined,2018,831812,
156,cid,combined,2018,58482,2149211
157,cid,combined,2018,31113,11063902
158,cid,combined,2018,60274,
159,cid,combined,2018,54253,
160,cid,combined,2018,54443,
161,cid,combined,2018,826396,
162,cid,combined,2018,50395,
163,cid,combined,2018,35872,1613939.94
164,cid,combined,2018,58597,
165,cid,combined,2018,35903,
166,cid,combined,2018,54521,380799
167,cid,combined,2018,31167,25640207
168,cid,combined,2018,50354,5034285.67
169,cid,combined,2018,60278,
170,cid,combined,2018,826210,
171,cid,combined,2018,13067,
172,cid,combined,2018,68388,
173,cid,combined,2018,50375,
174,cid,combined,2018,60416,
175,cid,combined,2018,74560,
176,cid,combined,2018,826237,
177,cid,combined,2018,53921,1285662.84
178,cid,combined,2018,3203,16784486
179,cid,combined,2018,68385,
180,cid,combined,2018,54606,
181,cid,combined,2018,61790,131281
182,cid,combined,2018,36279,
183,cid,combined,2018,826423,
184,cid,combined,2018,55325,
185,cid,combined,2018,50674,
186,cid,combined,2018,36426,
187,cid,combined,2018,16581,3318000
188,cid,combined,2018,50374,
189,cid,combined,2018,59537,
190,cid,combined,2018,58668,328329
191,cid,combined,2018,43969,
192,cid,combined,2018,2430,
193,cid,combined,2018,60108,
194,cid,combined,2018,36410,9372709
195,cid,combined,2018,36489,
196,cid,combined,2018,50560,2032515
197,cid,combined,2018,74531,1307967
198,cid,combined,2018,73706,300517
199,cid,combined,2018,36002,
200,cid,combined,2018,54104,771673
201,cid,combined,2018,60588,
202,cid,combined,2018,54651,
203,cid,combined,2018,43910,5340340
204,cid,combined,2018,54060,
205,cid,combined,2018,54110,862781
206,cid,combined,2018,31177,
207,cid,combined,2018,54298,
208,cid,combined,2018,31090,2952904.19
209,cid,combined,2018,60371,
210,cid,combined,2018,54388,19330000
211,cid,combined,2018,35865,4037064.53
212,cid,combined,2018,54100,900655
213,cid,combined,2018,60254,
214,cid,combined,2018,59987,
215,cid,combined,2018,36252,
216,cid,combined,2018,31108,19263921
217,cid,combined,2018,63562,
218,cid,combined,2018,35905,10970640
219,cid,combined,2018,35859,8929029
220,cid,combined,2018,54119,
221,cid,combined,2018,74443,
222,cid,combined,2018,42388,
223,cid,combined,2018,58865,
224,cid,combined,2018,49360,
225,cid,combined,2018,62855,158269
226,cid,combined,2018,36263,
227,cid,combined,2018,55334,
228,cid,combined,2018,73229,
229,cid,combined,2018,46470,
230,cid,combined,2018,31158,
231,cid,combined,2018,63919,
232,cid,combined,2018,54102,
233,cid,combined,2018,54409,903000
234,cid,combined,2018,43940,673433
235,cid,combined,2018,43975,
236,cid,combined,2018,50387,
237,cid,combined,2018,44185,3529808.292
238,cid,combined,2018,54293,
239,cid,combined,2018,31182,4013141
240,cid,combined,2018,60272,
241,cid,combined,2018,42178,5081963
242,cid,combined,2018,50380,
243,cid,combined,2018,43909,
244,cid,combined,2018,54504,
245,cid,combined,2018,69848,
246,cid,combined,2018,31157,
247,cid,combined,2018,31156,3240379
248,cid,combined,2018,59168,
249,cid,combined,2018,58357,
250,cid,combined,2018,31186,4652219
251,cid,combined,2018,54329,
252,cid,combined,2018,50211,
253,cid,combined,2018,50566,2305156
254,cid,combined,2018,60320,
255,cid,combined,2018,54082,
256,cid,combined,2018,826446,
257,cid,combined,2018,69850,
258,cid,combined,2018,50671,
259,cid,combined,2018,36469,
260,cid,combined,2018,35885,
261,cid,combined,2018,59151,
262,cid,combined,2018,826208,
263,cid,combined,2018,43970,
264,cid,combined,2018,60126,
265,cid,combined,2018,49335,6680198
266,cid,combined,2018,50541,
267,cid,combined,2018,59166,
268,cid,combined,2018,58797,74378.679
269,cid,combined,2018,69967,
270,cid,combined,2018,58594,
271,cid,combined,2018,31170,
272,cid,combined,2018,36223,
273,cid,combined,2018,54593,
274,cid,combined,2018,831834,
275,cid,combined,2018,36286,
276,cid,combined,2018,60346,
277,cid,combined,2018,63542,
278,cid,combined,2018,35864,
279,cid,combined,2018,54109,385100
280,cid,combined,2018,36504,
281,cid,combined,2018,826243,
282,cid,combined,2018,60287,
283,cid,combined,2018,70005,
284,cid,combined,2018,60391,
285,cid,combined,2018,50392,
286,cid,combined,2018,54459,249924
287,cid,combined,2018,58310,
288,cid,combined,2018,54683,
289,cid,combined,2018,55419,
290,cid,combined,2018,35879,2522163
291,cid,combined,2018,54078,915946
292,cid,combined,2018,54026,962074
293,cid,combined,2018,58796,
294,cid,combined,2018,60349,
295,cid,combined,2018,58513,
296,cid,combined,2018,50782,
297,cid,combined,2018,36043,
298,cid,combined,2018,54649,
299,cid,combined,2018,826209,
300,cid,combined,2018,60142,
301,cid,combined,2018,54623,
302,cid,combined,2018,31180,
303,cid,combined,2018,50371,3762197
304,cid,combined,2018,36484,
305,cid,combined,2018,36045,
306,cid,combined,2018,54497,2048867
307,cid,combined,2018,50681,
308,cid,combined,2018,32480,218901
309,cid,combined,2018,46473,
310,cid,combined,2018,31181,13245863
311,cid,combined,2018,58610,
312,cid,combined,2018,60356,
313,cid,combined,2018,58569,
314,cid,combined,2018,54709,
315,cid,combined,2018,35886,
316,cid,combined,2018,60387,
317,cid,combined,2018,62791,
318,cid,combined,2018,36158,
319,cid,combined,2018,35848,3223716
320,cid,combined,2018,63616,
321,cid,combined,2018,49339,
322,cid,combined,2018,58867,
323,cid,combined,2018,50673,
324,cid,combined,2018,31115,15772974
325,cid,combined,2018,31114,316348
326,cid,combined,2018,54092,
327,cid,combined,2018,50362,
328,cid,combined,2018,62864,
329,cid,combined,2018,14874,5037132
330,cid,combined,2018,60379,
331,cid,combined,2018,60213,
332,cid,combined,2018,54128,1371400.99
333,cid,combined,2018,50549,
334,cid,combined,2018,31179,34188.661
335,cid,combined,2018,60633,
336,cid,combined,2018,31164,21885641
337,cid,combined,2018,54625,
338,cid,combined,2018,31173,
339,cid,combined,2018,1184,8251485
340,cid,combined,2018,60292,
341,cid,combined,2018,54656,
342,cid,combined,2018,50154,
343,cid,combined,2018,50650,289561
344,cid,combined,2018,31111,21523714
345,cid,combined,2018,35868,
346,cid,combined,2018,60216,
347,cid,combined,2018,60546,
348,cid,combined,2018,60236,
349,cid,combined,2018,35755,
350,cid,combined,2018,59552,
351,cid,combined,2018,58528,
352,cid,combined,2018,826188,
353,cid,combined,2018,36283,
354,cid,combined,2018,54529,1043
355,cid,combined,2018,60393,
356,cid,combined,2018,53254,399548
357,cid,combined,2018,35860,
358,cid,combined,2018,46514,
359,cid,combined,2018,54652,
360,cid,combined,2018,50572,2878153
361,cid,combined,2018,54048,2653938.45
362,cid,combined,2018,64014,154415
363,cid,combined,2018,3429,1842097
364,cid,combined,2018,52164,
365,cid,combined,2018,57641,
366,cid,combined,2018,54688,
367,cid,combined,2018,59644,
368,cid,combined,2018,36477,
369,cid,combined,2018,44073,
370,cid,combined,2018,49342,
371,cid,combined,2018,54348,
372,cid,combined,2018,830907,
373,cid,combined,2018,60178,
374,cid,combined,2018,60279,
375,cid,combined,2018,35913,
376,cid,combined,2018,31175,3359242
377,cid,combined,2018,35904,
378,cid,combined,2018,58590,199041
379,cid,combined,2018,50384,1358385
380,cid,combined,2018,43911,5944000
381,cid,combined,2018,59545,172555
382,cid,combined,2018,43932,9118050
383,cid,combined,2018,50557,
384,cid,combined,2018,74594,
385,cid,combined,2018,43920,
386,cid,combined,2018,69973,
387,cid,combined,2018,71557,
388,cid,combined,2018,831616,
389,cid,combined,2018,36265,
390,cid,combined,2018,831425,
391,cid,combined,2018,35874,11094141
392,cid,combined,2018,59180,
393,cid,combined,2018,35993,
394,cid,combined,2018,59163,
395,cid,combined,2018,31112,69984178
396,cid,combined,2018,50389,
397,cid,combined,2018,14344,6309.564008
398,cid,combined,2018,50382,
399,cid,combined,2018,826236,
400,cid,combined,2018,58868,6140123
401,cid,combined,2018,49333,20804701
402,cid,combined,2018,36262,
403,cid,combined,2018,832078,
404,cid,combined,2018,35272,761145
405,cid,combined,2018,36037,
406,cid,combined,2018,55322,
407,cid,combined,2018,58595,
408,cid,combined,2018,73282,
409,cid,combined,2018,74680,
410,cid,combined,2018,31052,
411,cid,combined,2018,54631,
412,cid,combined,2018,55442,
413,cid,combined,2018,60381,
414,cid,combined,2018,43914,
415,cid,combined,2018,54666,
416,cid,combined,2018,74427,
417,cid,combined,2018,60621,
418,cid,combined,2018,59538,6298053.5
419,cid,combined,2018,35867,3900882
420,cid,combined,2018,60264,
421,cid,combined,2018,52897,
422,cid,combined,2018,60394,
423,cid,combined,2018,35862,
424,cid,combined,2018,826126,
425,cid,combined,2018,54289,
426,cid,combined,2018,60273,115719.73
427,cid,combined,2018,49327,2184796
428,cid,combined,2018,69849,
429,cid,combined,2018,74466,
430,cid,combined,2018,831152,
431,cid,combined,2018,60271,
432,cid,combined,2018,832009,
433,cid,combined,2018,830945,
434,cid,combined,2018,63999,311043.23
435,cid,combined,2018,54124,1097979
436,cid,combined,2018,73530,
437,cid,combined,2018,54390,
438,cid,combined,2018,74525,
439,cid,combined,2018,43928,
440,cid,combined,2018,54637,
441,cid,combined,2018,36494,
442,cid,combined,2018,50680,
443,cid,combined,2018,831433,
444,cid,combined,2018,60652,
445,cid,combined,2018,35887,
446,cid,combined,2018,73413,
447,cid,combined,2018,43905,
448,cid,combined,2018,36492,
449,cid,combined,2018,60410,
450,cid,combined,2018,59697,
451,cid,combined,2018,58485,
452,cid,combined,2018,42120,
453,cid,combined,2018,50568,
454,cid,combined,2018,35883,
455,cid,combined,2018,35884,
456,cid,combined,2018,54641,
457,cid,combined,2018,31184,
458,cid,combined,2018,54066,984857
459,cid,combined,2018,54681,
460,cid,combined,2018,55380,
461,cid,combined,2018,58531,467600
462,cid,combined,2018,36470,
463,cid,combined,2018,826427,
464,cid,combined,2018,1093,2998249
465,cid,combined,2018,54493,
466,cid,combined,2018,73302,
467,cid,combined,2018,31174,
468,cid,combined,2018,49330,8131805
469,cid,combined,2018,74508,
470,cid,combined,2018,54616,
471,cid,combined,2018,69968,
472,cid,combined,2018,60354,
473,cid,combined,2018,54668,
474,cid,combined,2018,31117,14709387
475,cid,combined,2018,59633,192380
476,cid,combined,2018,69999,
477,cid,combined,2018,51079,
478,cid,combined,2018,60284,
479,cid,combined,2018,831230,
480,cid,combined,2018,45219,
481,cid,combined,2018,31169,41128067
482,cid,combined,2018,59669,205886
483,cid,combined,2018,54111,502858
484,cid,combined,2018,59642,224746
485,cid,combined,2018,61753,
486,cid,combined,2018,54706,
487,cid,combined,2018,59563,
488,cid,combined,2018,62868,
489,cid,combined,2018,55324,
490,cid,combined,2018,54395,
491,cid,combined,2018,60392,96487.77
492,cid,combined,2018,68378,
493,cid,combined,2018,54057,
494,cid,combined,2018,54030,
495,cid,combined,2018,50574,
496,cid,combined,2018,31171,
497,cid,combined,2018,50368,
498,cid,combined,2018,35475,10834502
499,cid,combined,2018,59588,
500,cid,combined,2018,35893,
501,cid,combined,2018,31165,563517
502,cid,combined,2018,73247,
503,cid,combined,2018,59595,
504,cid,combined,2018,54672,
505,cid,combined,2018,60214,
506,cid,combined,2018,58636,
507,cid,combined,2018,73879,422955
508,cid,combined,2018,54662,
509,cid,combined,2018,43926,
510,cid,combined,2018,54647,
511,cid,combined,2018,43930,1010243
512,cid,combined,2018,54633,
513,cid,combined,2018,60267,
514,cid,combined,2018,60114,
515,cid,combined,2018,54070,912080
516,cid,combined,2018,50555,214556952
517,cid,combined,2018,54085,
518,cid,combined,2018,60207,
519,cid,combined,2018,31166,19503.35
520,cid,combined,2018,57505,
521,cid,combined,2018,50398,
522,cid,combined,2018,31146,
523,cid,combined,2018,19233,
524,cid,combined,2018,60290,
525,cid,combined,2018,57616,
526,cid,combined,2018,35268,3890790
527,cid,combined,2018,59678,
528,cid,combined,2018,10894,
529,cid,combined,2018,58621,112096.953
530,cid,combined,2018,54654,
531,cid,combined,2018,59165,249706
532,cid,combined,2018,58609,
533,cid,combined,2018,54478,
534,cid,combined,2018,826103,
535,cid,combined,2018,60656,31807
536,cid,combined,2018,31168,
537,cid,combined,2018,35898,9587290
538,cid,combined,2018,31151,783932
539,cid,combined,2018,54703,
540,cid,combined,2018,61876,
541,cid,combined,2018,31150,27292982
542,cid,combined,2018,59160,
543,cid,combined,2018,60218,
544,cid,combined,2018,831620,
545,cid,combined,2018,60116,
546,cid,combined,2018,58395,219503
547,cid,combined,2018,54389,19233095.5
548,cid,combined,2018,74418,
549,cid,combined,2018,50672,
550,cid,combined,2018,54457,
551,cid,combined,2018,60328,
552,cid,combined,2018,35853,
553,cid,combined,2018,43912,10031542
554,cid,combined,2018,56276,7653808
555,cid,combined,2018,55373,
556,cid,combined,2018,63543,
557,cid,combined,2018,832838,
558,cid,combined,2018,60140,
559,cid,combined,2018,55415,
560,cid,combined,2018,54575,
561,cid,combined,2018,55319,
562,cid,combined,2018,73252,
563,cid,combined,2018,54290,
564,cid,combined,2018,58530,
565,cid,combined,2018,826397,
566,cid,combined,2018,50388,
567,cid,combined,2018,60602,
568,cid,combined,2018,3422,20949542.7
569,cid,combined,2018,54513,
570,cid,combined,2018,60104,
571,cid,combined,2018,32550,3519846
572,cid,combined,2018,43937,621179
573,cid,combined,2018,8242,2184276
574,cid,combined,2018,49344,
575,cid,combined,2018,59298,
576,cid,combined,2018,69823,
577,cid,combined,2018,50794,
578,cid,combined,2018,36285,
579,cid,combined,2018,60577,
580,cid,combined,2018,35894,11179649
581,cid,combined,2018,74428,
582,cid,combined,2018,55328,
583,cid,combined,2018,59653,175766.69
584,cid,combined,2018,31155,16338506
585,cid,combined,2018,36254,8735271
586,cid,combined,2018,831150,
587,cid,combined,2018,54588,
588,cid,combined,2018,31187,22581000
589,cid,combined,2018,57347,2530643.7
590,cid,combined,2018,54116,
591,cid,combined,2018,831231,
592,cid,combined,2018,35897,
593,cid,combined,2018,54650,
594,cid,combined,2018,59540,
595,cid,combined,2018,62180,
596,cid,combined,2018,36039,911135
597,cid,combined,2018,50792,
598,cid,combined,2018,35878,
599,cid,combined,2018,69995,
600,cid,combined,2018,58871,
601,cid,combined,2018,826238,
602,cid,combined,2018,37038,
603,cid,combined,2018,826239,
604,cid,combined,2018,74569,
605,cid,combined,2018,74401,
606,cid,combined,2018,60347,
607,cid,combined,2018,826207,
608,cid,combined,2018,31149,1330352
609,cid,combined,2018,60419,981954
610,cid,combined,2018,59158,33277
611,cid,combined,2018,35873,2193277
612,cid,combined,2018,826100,
613,cid,combined,2018,51075,
614,cid,combined,2018,54700,
615,cid,combined,2018,63601,
616,cid,combined,2018,36522,
617,cid,combined,2018,36159,
618,cid,combined,2018,73240,
619,cid,combined,2018,60374,
620,cid,combined,2018,68371,
621,cid,combined,2018,54075,856008
622,cid,combined,2018,49359,
623,cid,combined,2018,54671,
624,cid,combined,2018,35902,
625,cid,combined,2018,49343,
626,cid,combined,2018,60433,118724
627,cid,combined,2018,35915,
628,cid,combined,2018,58627,
629,cid,combined,2018,60258,
630,cid,combined,2018,63941,9303281.66
631,cid,combined,2018,60361,
632,cid,combined,2018,1499,2955953
633,cid,combined,2018,50381,
634,cid,combined,2018,70017,
635,cid,combined,2018,58413,
636,cid,combined,2018,74631,
637,cid,combined,2018,60898,
638,cid,combined,2018,60638,
639,cid,combined,2018,35995,
640,cid,combined,2018,826114,
641,cid,combined,2019,840309,
642,cid,combined,2019,54609,
643,cid,combined,2019,840914,
644,cid,combined,2019,841416,
645,cid,combined,2019,840030,224432.8
646,cid,combined,2019,54649,
647,cid,combined,2019,54632,
648,cid,combined,2019,2028,
649,cid,combined,2019,840926,
650,cid,combined,2019,36504,
651,cid,combined,2019,73678,34460.39
652,cid,combined,2019,3203,
653,cid,combined,2019,54104,751388.46
654,cid,combined,2019,50356,
655,cid,combined,2019,841153,
656,cid,combined,2019,59631,
657,cid,combined,2019,31184,
658,cid,combined,2019,36286,
659,cid,combined,2019,60236,
660,cid,combined,2019,36495,
661,cid,combined,2019,54579,
662,cid,combined,2019,73763,
663,cid,combined,2019,60906,561.54
664,cid,combined,2019,58865,
665,cid,combined,2019,69995,
666,cid,combined,2019,73301,
667,cid,combined,2019,60268,
668,cid,combined,2019,58871,
669,cid,combined,2019,31113,
670,cid,combined,2019,59595,
671,cid,combined,2019,74428,
672,cid,combined,2019,840930,
673,cid,combined,2019,74531,
674,cid,combined,2019,35848,
675,cid,combined,2019,54700,
676,cid,combined,2019,74309,176321.3
677,cid,combined,2019,49367,
678,cid,combined,2019,54270,
679,cid,combined,2019,60361,
680,cid,combined,2019,36492,990097
681,cid,combined,2019,35859,8593604
682,cid,combined,2019,54430,1894045
683,cid,combined,2019,839669,
684,cid,combined,2019,834258,49688.98
685,cid,combined,2019,840515,
686,cid,combined,2019,55325,
687,cid,combined,2019,831616,
688,cid,combined,2019,73736,54525.63
689,cid,combined,2019,60384,
690,cid,combined,2019,73732,42140.43
691,cid,combined,2019,58395,
692,cid,combined,2019,36037,4174608
693,cid,combined,2019,54111,
694,cid,combined,2019,50354,
695,cid,combined,2019,50794,
696,cid,combined,2019,63562,3723299.07
697,cid,combined,2019,64014,154412.6
698,cid,combined,2019,49342,
699,cid,combined,2019,35897,
700,cid,combined,2019,54109,
701,cid,combined,2019,42178,
702,cid,combined,2019,73789,0
703,cid,combined,2019,59588,
704,cid,combined,2019,63919,
705,cid,combined,2019,840070,
706,cid,combined,2019,1499,
707,cid,combined,2019,826236,
708,cid,combined,2019,69848,
709,cid,combined,2019,31154,11707310.37
710,cid,combined,2019,50680,
711,cid,combined,2019,3429,
712,cid,combined,2019,60328,
713,cid,combined,2019,54529,
714,cid,combined,2019,60369,
715,cid,combined,2019,832097,
716,cid,combined,2019,43917,
717,cid,combined,2019,70005,
718,cid,combined,2019,60414,361558.32
719,cid,combined,2019,35475,
720,cid,combined,2019,60271,
721,cid,combined,2019,50579,
722,cid,combined,2019,50385,
723,cid,combined,2019,54293,
724,cid,combined,2019,35860,
725,cid,combined,2019,59678,524034
726,cid,combined,2019,50394,
727,cid,combined,2019,840601,
728,cid,combined,2019,31117,
729,cid,combined,2019,73668,45291.33
730,cid,combined,2019,60391,2785
731,cid,combined,2019,59681,
732,cid,combined,2019,46514,509133
733,cid,combined,2019,50387,
734,cid,combined,2019,54337,
735,cid,combined,2019,74573,
736,cid,combined,2019,840529,
737,cid,combined,2019,55466,
738,cid,combined,2019,60409,
739,cid,combined,2019,50559,
740,cid,combined,2019,55419,
741,cid,combined,2019,834251,0
742,cid,combined,2019,60320,
743,cid,combined,2019,54488,350478
744,cid,combined,2019,839965,
745,cid,combined,2019,31115,
746,cid,combined,2019,54290,
747,cid,combined,2019,55615,
748,cid,combined,2019,60318,
749,cid,combined,2019,55381,
750,cid,combined,2019,36242,
751,cid,combined,2019,36041,
752,cid,combined,2019,834287,
753,cid,combined,2019,74386,
754,cid,combined,2019,35907,
755,cid,combined,2019,54402,690300
756,cid,combined,2019,826103,
757,cid,combined,2019,50378,988330.85
758,cid,combined,2019,58511,
759,cid,combined,2019,839667,
760,cid,combined,2019,60114,
761,cid,combined,2019,36501,
762,cid,combined,2019,50543,
763,cid,combined,2019,831152,
764,cid,combined,2019,826182,
765,cid,combined,2019,60284,
766,cid,combined,2019,50565,
767,cid,combined,2019,50395,
768,cid,combined,2019,43930,
769,cid,combined,2019,60218,176812
770,cid,combined,2019,42388,
771,cid,combined,2019,49360,
772,cid,combined,2019,31111,
773,cid,combined,2019,35904,
774,cid,combined,2019,59160,
775,cid,combined,2019,59535,
776,cid,combined,2019,74453,37877
777,cid,combined,2019,840927,
778,cid,combined,2019,54108,
779,cid,combined,2019,831823,
780,cid,combined,2019,68290,
781,cid,combined,2019,60292,
782,cid,combined,2019,74423,
783,cid,combined,2019,50386,
784,cid,combined,2019,69840,
785,cid,combined,2019,840161,
786,cid,combined,2019,43909,
787,cid,combined,2019,31181,
788,cid,combined,2019,58482,2185946
789,cid,combined,2019,832610,
790,cid,combined,2019,14344,160849
791,cid,combined,2019,73725,788012.73
792,cid,combined,2019,69823,
793,cid,combined,2019,826423,
794,cid,combined,2019,49359,
795,cid,combined,2019,834163,
796,cid,combined,2019,834280,66071.74
797,cid,combined,2019,60140,
798,cid,combined,2019,36261,485684
799,cid,combined,2019,54493,
800,cid,combined,2019,31090,2902489
801,cid,combined,2019,54623,
802,cid,combined,2019,35886,2299973
803,cid,combined,2019,55334,194352
804,cid,combined,2019,49172,
805,cid,combined,2019,54459,
806,cid,combined,2019,50391,
807,cid,combined,2019,839673,
808,cid,combined,2019,54098,
809,cid,combined,2019,74525,
810,cid,combined,2019,73365,178413
811,cid,combined,2019,31185,8843905
812,cid,combined,2019,73754,
813,cid,combined,2019,50389,
814,cid,combined,2019,834300,
815,cid,combined,2019,63999,312054.21
816,cid,combined,2019,54706,
817,cid,combined,2019,54696,
818,cid,combined,2019,73252,
819,cid,combined,2019,50364,
820,cid,combined,2019,50792,
821,cid,combined,2019,35862,
822,cid,combined,2019,58424,
823,cid,combined,2019,58590,
824,cid,combined,2019,58597,
825,cid,combined,2019,841269,851993.6
826,cid,combined,2019,46470,527184
827,cid,combined,2019,54342,
828,cid,combined,2019,834229,446389.91
829,cid,combined,2019,50671,195597
830,cid,combined,2019,2185,1108722.31
831,cid,combined,2019,840521,
832,cid,combined,2019,54345,
833,cid,combined,2019,73712,87536.69
834,cid,combined,2019,31110,
835,cid,combined,2019,60332,
836,cid,combined,2019,826209,
837,cid,combined,2019,49335,
838,cid,combined,2019,839648,
839,cid,combined,2019,74466,
840,cid,combined,2019,59697,
841,cid,combined,2019,839970,
842,cid,combined,2019,50370,
843,cid,combined,2019,839964,
844,cid,combined,2019,50368,
845,cid,combined,2019,826167,
846,cid,combined,2019,31164,
847,cid,combined,2019,53829,
848,cid,combined,2019,59537,
849,cid,combined,2019,826431,
850,cid,combined,2019,63616,
851,cid,combined,2019,60385,
852,cid,combined,2019,834161,
853,cid,combined,2019,73694,590011.86
854,cid,combined,2019,59707,532475
855,cid,combined,2019,51075,
856,cid,combined,2019,831617,
857,cid,combined,2019,35870,
858,cid,combined,2019,58670,
859,cid,combined,2019,840244,
860,cid,combined,2019,35393,2619715.62
861,cid,combined,2019,73302,
862,cid,combined,2019,60419,
863,cid,combined,2019,831926,
864,cid,combined,2019,35893,
865,cid,combined,2019,37261,
866,cid,combined,2019,839980,1531934.8
867,cid,combined,2019,50541,
868,cid,combined,2019,53254,551821
869,cid,combined,2019,31109,993193.74
870,cid,combined,2019,60898,
871,cid,combined,2019,50390,
872,cid,combined,2019,74563,
873,cid,combined,2019,73724,25160.43
874,cid,combined,2019,13067,
875,cid,combined,2019,73707,107680.9
876,cid,combined,2019,58796,
877,cid,combined,2019,1184,
878,cid,combined,2019,826407,
879,cid,combined,2019,840941,
880,cid,combined,2019,840492,
881,cid,combined,2019,62180,
882,cid,combined,2019,54588,
883,cid,combined,2019,63543,181707
884,cid,combined,2019,44185,
885,cid,combined,2019,36158,2559322
886,cid,combined,2019,74673,21869346
887,cid,combined,2019,63601,
888,cid,combined,2019,50371,
889,cid,combined,2019,59165,234852
890,cid,combined,2019,834413,
891,cid,combined,2019,60387,
892,cid,combined,2019,3422,19347319
893,cid,combined,2019,840042,
894,cid,combined,2019,833379,
895,cid,combined,2019,73645,
896,cid,combined,2019,60399,
897,cid,combined,2019,50377,
898,cid,combined,2019,60379,
899,cid,combined,2019,827047,
900,cid,combined,2019,839954,1103438
901,cid,combined,2019,43932,
902,cid,combined,2019,73665,25758.13
903,cid,combined,2019,58543,36
904,cid,combined,2019,50562,
905,cid,combined,2019,826212,
906,cid,combined,2019,839666,
907,cid,combined,2019,54386,7684831
908,cid,combined,2019,54124,1440313
909,cid,combined,2019,840514,
910,cid,combined,2019,74560,
911,cid,combined,2019,834120,
912,cid,combined,2019,840371,242269
913,cid,combined,2019,74568,
914,cid,combined,2019,52897,
915,cid,combined,2019,55380,
916,cid,combined,2019,60125,
917,cid,combined,2019,49347,
918,cid,combined,2019,51079,
919,cid,combined,2019,59572,
920,cid,combined,2019,59168,
921,cid,combined,2019,35873,
922,cid,combined,2019,58671,217815
923,cid,combined,2019,838939,
924,cid,combined,2019,840507,
925,cid,combined,2019,73650,41546.22
926,cid,combined,2019,840313,
927,cid,combined,2019,54364,
928,cid,combined,2019,31146,
929,cid,combined,2019,59642,
930,cid,combined,2019,60394,
931,cid,combined,2019,58797,
932,cid,combined,2019,832274,
933,cid,combined,2019,54078,
934,cid,combined,2019,35903,
935,cid,combined,2019,58609,
936,cid,combined,2019,834277,648432.87
937,cid,combined,2019,54611,
938,cid,combined,2019,60413,
939,cid,combined,2019,73293,
940,cid,combined,2019,59163,
941,cid,combined,2019,74558,
942,cid,combined,2019,54518,542765
943,cid,combined,2019,834246,
944,cid,combined,2019,73679,22933.25
945,cid,combined,2019,60276,
946,cid,combined,2019,63862,
947,cid,combined,2019,834374,
948,cid,combined,2019,50381,
949,cid,combined,2019,54613,
950,cid,combined,2019,840037,27470.46
951,cid,combined,2019,52894,
952,cid,combined,2019,35878,
953,cid,combined,2019,73713,591101.55
954,cid,combined,2019,31175,
955,cid,combined,2019,36043,
956,cid,combined,2019,826239,
957,cid,combined,2019,832838,
958,cid,combined,2019,36263,
959,cid,combined,2019,73759,
960,cid,combined,2019,54289,
961,cid,combined,2019,10894,17416935
962,cid,combined,2019,834301,161022.85
963,cid,combined,2019,73295,
964,cid,combined,2019,31149,
965,cid,combined,2019,60340,
966,cid,combined,2019,840253,
967,cid,combined,2019,68383,
968,cid,combined,2019,73749,
969,cid,combined,2019,35867,
970,cid,combined,2019,43920,2012758
971,cid,combined,2019,60223,
972,cid,combined,2019,54084,
973,cid,combined,2019,826208,
974,cid,combined,2019,832078,
975,cid,combined,2019,60638,
976,cid,combined,2019,54110,731059
977,cid,combined,2019,50549,
978,cid,combined,2019,50362,
979,cid,combined,2019,31168,
980,cid,combined,2019,840693,
981,cid,combined,2019,50382,
982,cid,combined,2019,35993,
983,cid,combined,2019,57347,
984,cid,combined,2019,74575,
985,cid,combined,2019,73801,35061.47
986,cid,combined,2019,36493,
987,cid,combined,2019,54092,967069
988,cid,combined,2019,31151,
989,cid,combined,2019,44076,8352875
990,cid,combined,2019,58668,0
991,cid,combined,2019,32480,240706.57
992,cid,combined,2019,74495,
993,cid,combined,2019,840937,
994,cid,combined,2019,54060,
995,cid,combined,2019,834058,
996,cid,combined,2019,68296,
997,cid,combined,2019,60393,
998,cid,combined,2019,60295,
999,cid,combined,2019,60273,
1000,cid,combined,2019,43934,
1001,cid,combined,2019,73709,0
1002,cid,combined,2019,59158,
1003,cid,combined,2019,31155,
1004,cid,combined,2019,14088,791886
1005,cid,combined,2019,49339,
1006,cid,combined,2019,60003,
1007,cid,combined,2019,73788,196305.01
1008,cid,combined,2019,826210,
1009,cid,combined,2019,42120,
1010,cid,combined,2019,60603,
1011,cid,combined,2019,74631,
1012,cid,combined,2019,36032,
1013,cid,combined,2019,60408,
1014,cid,combined,2019,43905,
1015,cid,combined,2019,54491,
1016,cid,combined,2019,60258,
1017,cid,combined,2019,50358,
1018,cid,combined,2019,54030,
1019,cid,combined,2019,73676,
1020,cid,combined,2019,70261,
1021,cid,combined,2019,69850,
1022,cid,combined,2019,36274,
1023,cid,combined,2019,834261,
1024,cid,combined,2019,840938,
1025,cid,combined,2019,19233,
1026,cid,combined,2019,43928,1899700
1027,cid,combined,2019,35449,
1028,cid,combined,2019,55372,
1029,cid,combined,2019,43910,
1030,cid,combined,2019,58413,
1031,cid,combined,2019,54389,
1032,cid,combined,2019,60433,
1033,cid,combined,2019,834153,
1034,cid,combined,2019,55801,
1035,cid,combined,2019,834313,
1036,cid,combined,2019,54620,616805.03
1037,cid,combined,2019,839665,3870274
1038,cid,combined,2019,832909,
1039,cid,combined,2019,31153,9792000
1040,cid,combined,2019,834362,214909
1041,cid,combined,2019,73706,
1042,cid,combined,2019,839670,
1043,cid,combined,2019,54619,
1044,cid,combined,2019,54102,
1045,cid,combined,2019,59531,
1046,cid,combined,2019,54352,362253.08
1047,cid,combined,2019,831618,
1048,cid,combined,2019,839966,
1049,cid,combined,2019,35854,
1050,cid,combined,2019,36045,
1051,cid,combined,2019,60356,
1052,cid,combined,2019,841003,
1053,cid,combined,2019,31163,35467899
1054,cid,combined,2019,31446,
1055,cid,combined,2019,54113,788112.19
1056,cid,combined,2019,832000,
1057,cid,combined,2019,841326,153742.2
1058,cid,combined,2019,53921,
1059,cid,combined,2019,59971,
1060,cid,combined,2019,74534,
1061,cid,combined,2019,73693,392634.89
1062,cid,combined,2019,31166,
1063,cid,combined,2019,54656,
1064,cid,combined,2019,58795,
1065,cid,combined,2019,54654,
1066,cid,combined,2019,50220,2059572
1067,cid,combined,2019,54606,
1068,cid,combined,2019,36039,
1069,cid,combined,2019,54625,
1070,cid,combined,2019,54478,
1071,cid,combined,2019,69985,
1072,cid,combined,2019,50396,
1073,cid,combined,2019,58627,
1074,cid,combined,2019,54088,4544.88
1075,cid,combined,2019,834255,606275.11
1076,cid,combined,2019,36285,
1077,cid,combined,2019,58626,
1078,cid,combined,2019,43970,
1079,cid,combined,2019,54329,
1080,cid,combined,2019,834259,433496.42
1081,cid,combined,2019,50550,
1082,cid,combined,2019,54070,
1083,cid,combined,2019,35898,8920961.92
1084,cid,combined,2019,55800,
1085,cid,combined,2019,43940,744832
1086,cid,combined,2019,834289,1142897.32
1087,cid,combined,2019,826396,
1088,cid,combined,2019,57616,
1089,cid,combined,2019,50359,2726988
1090,cid,combined,2019,36426,1870000
1091,cid,combined,2019,54360,
1092,cid,combined,2019,31148,
1093,cid,combined,2019,36159,
1094,cid,combined,2019,834226,73078.5
1095,cid,combined,2019,60375,
1096,cid,combined,2019,827048,61674200
1097,cid,combined,2019,54647,
1098,cid,combined,2019,60577,
1099,cid,combined,2019,60371,
1100,cid,combined,2019,14874,
1101,cid,combined,2019,840925,
1102,cid,combined,2019,74594,445882.3
1103,cid,combined,2019,36494,
1104,cid,combined,2019,62864,
1105,cid,combined,2019,54699,
1106,cid,combined,2019,55379,731417.47
1107,cid,combined,2019,59580,
1108,cid,combined,2019,62868,
1109,cid,combined,2019,54291,
1110,cid,combined,2019,54692,
1111,cid,combined,2019,54318,
1112,cid,combined,2019,60349,
1113,cid,combined,2019,60126,
1114,cid,combined,2019,68378,
1115,cid,combined,2019,73652,19010.08
1116,cid,combined,2019,73722,
1117,cid,combined,2019,59151,
1118,cid,combined,2019,50361,
1119,cid,combined,2019,839963,
1120,cid,combined,2019,58569,
1121,cid,combined,2019,50566,
1122,cid,combined,2019,839971,612548.92
1123,cid,combined,2019,69834,365148.77
1124,cid,combined,2019,35879,
1125,cid,combined,2019,826429,
1126,cid,combined,2019,60233,
1127,cid,combined,2019,59545,
1128,cid,combined,2019,834403,220086.55
1129,cid,combined,2019,839668,
1130,cid,combined,2019,59298,
1131,cid,combined,2019,50557,
1132,cid,combined,2019,31177,
1133,cid,combined,2019,54510,256449
1134,cid,combined,2019,54119,10855
1135,cid,combined,2019,55371,
1136,cid,combined,2019,31114,
1137,cid,combined,2019,51374,
1138,cid,combined,2019,834405,10246.85
1139,cid,combined,2019,35885,
1140,cid,combined,2019,55799,
1141,cid,combined,2019,834260,3009734.85
1142,cid,combined,2019,35274,
1143,cid,combined,2019,36254,
1144,cid,combined,2019,53959,
1145,cid,combined,2019,60400,
1146,cid,combined,2019,54650,
1147,cid,combined,2019,35857,
1148,cid,combined,2019,54395,
1149,cid,combined,2019,36477,
1150,cid,combined,2019,43975,
1151,cid,combined,2019,43914,
1152,cid,combined,2019,841154,
1153,cid,combined,2019,50578,
1154,cid,combined,2019,35880,
1155,cid,combined,2019,59956,479731
1156,cid,combined,2019,63615,
1157,cid,combined,2019,31172,21340045.82
1158,cid,combined,2019,31108,
1159,cid,combined,2019,839931,424089
1160,cid,combined,2019,60307,
1161,cid,combined,2019,831674,
1162,cid,combined,2019,35883,4665342
1163,cid,combined,2019,54662,
1164,cid,combined,2019,36470,
1165,cid,combined,2019,42123,
1166,cid,combined,2019,60546,
1167,cid,combined,2019,35910,
1168,cid,combined,2019,59633,
1169,cid,combined,2019,50574,
1170,cid,combined,2019,74508,
1171,cid,combined,2019,50681,
1172,cid,combined,2019,73413,
1173,cid,combined,2019,36004,
1174,cid,combined,2019,74677,
1175,cid,combined,2019,73752,
1176,cid,combined,2019,50375,
1177,cid,combined,2019,840425,636531
1178,cid,combined,2019,50572,3170866.16
1179,cid,combined,2019,839650,
1180,cid,combined,2019,54612,
1181,cid,combined,2019,35884,
1182,cid,combined,2019,54305,
1183,cid,combined,2019,74488,
1184,cid,combined,2019,54085,2063648
1185,cid,combined,2019,50380,
1186,cid,combined,2019,36522,137456
1187,cid,combined,2019,35853,4019044
1188,cid,combined,2019,31170,
1189,cid,combined,2019,31112,
1190,cid,combined,2019,826237,
1191,cid,combined,2019,60599,
1192,cid,combined,2019,31182,
1193,cid,combined,2019,31150,
1194,cid,combined,2019,840349,
1195,cid,combined,2019,54608,
1196,cid,combined,2019,54703,
1197,cid,combined,2019,54538,536875.86
1198,cid,combined,2019,840924,
1199,cid,combined,2019,50401,
1200,cid,combined,2019,54026,
1201,cid,combined,2019,60104,
1202,cid,combined,2019,49343,
1203,cid,combined,2019,31157,
1204,cid,combined,2019,63941,
1205,cid,combined,2019,2430,359615
1206,cid,combined,2019,49334,
1207,cid,combined,2019,73684,0
1208,cid,combined,2019,834083,
1209,cid,combined,2019,54603,
1210,cid,combined,2019,826427,
1211,cid,combined,2019,73695,8459.14
1212,cid,combined,2019,54678,
1213,cid,combined,2019,59562,
1214,cid,combined,2019,59967,
1215,cid,combined,2019,60267,
1216,cid,combined,2019,54114,
1217,cid,combined,2019,60621,
1218,cid,combined,2019,56276,
1219,cid,combined,2019,31169,
1220,cid,combined,2019,54617,
1221,cid,combined,2019,840024,
1222,cid,combined,2019,840269,
1223,cid,combined,2019,31171,
1224,cid,combined,2019,60142,
1225,cid,combined,2019,31052,
1226,cid,combined,2019,840033,
1227,cid,combined,2019,50392,
1228,cid,combined,2019,50560,2678259
1229,cid,combined,2019,60053,
1230,cid,combined,2019,73240,
1231,cid,combined,2019,43911,5799445
1232,cid,combined,2019,60274,
1233,cid,combined,2019,57509,
1234,cid,combined,2019,31051,
1235,cid,combined,2019,58513,220603.32
1236,cid,combined,2019,50357,
1237,cid,combined,2019,840916,
1238,cid,combined,2019,58310,
1239,cid,combined,2019,31179,16602854
1240,cid,combined,2019,55331,
1241,cid,combined,2019,50558,2796000
1242,cid,combined,2019,73686,2926.91
1243,cid,combined,2019,36282,
1244,cid,combined,2019,50203,
1245,cid,combined,2019,841098,
1246,cid,combined,2019,35877,5010418
1247,cid,combined,2019,73701,21430.53
1248,cid,combined,2019,11315,1967000
1249,cid,combined,2019,36036,
1250,cid,combined,2019,840419,
1251,cid,combined,2019,58346,
1252,cid,combined,2019,36469,
1253,cid,combined,2019,69822,400247
1254,cid,combined,2019,36262,
1255,cid,combined,2019,840490,
1256,cid,combined,2019,54667,
1257,cid,combined,2019,55373,
1258,cid,combined,2019,54457,
1259,cid,combined,2019,840370,124766.91
1260,cid,combined,2019,54048,2653938
1261,cid,combined,2019,31187,
1262,cid,combined,2019,62791,
1263,cid,combined,2019,60278,
1264,cid,combined,2019,16581,
1265,cid,combined,2019,55415,
1266,cid,combined,2019,50679,
1267,cid,combined,2019,840039,12128.27
1268,cid,combined,2019,43912,
1269,cid,combined,2019,60656,
1270,cid,combined,2019,834323,42317.35
1271,cid,combined,2019,54327,
1272,cid,combined,2019,840919,
1273,cid,combined,2019,54057,777350
1274,cid,combined,2019,61427,
1275,cid,combined,2019,834238,16977.94
1276,cid,combined,2019,60073,
1277,cid,combined,2019,60050,
1278,cid,combined,2019,54390,
1279,cid,combined,2019,54641,
1280,cid,combined,2019,54517,455709
1281,cid,combined,2019,54348,
1282,cid,combined,2019,8242,811733
1283,cid,combined,2019,54498,
1284,cid,combined,2019,74401,
1285,cid,combined,2019,73879,
1286,cid,combined,2019,59644,
1287,cid,combined,2019,54605,
1288,cid,combined,2019,73803,36356.25
1289,cid,combined,2019,840036,
1290,cid,combined,2019,49327,1941206
1291,cid,combined,2019,74427,
1292,cid,combined,2019,52638,
1293,cid,combined,2019,50673,
1294,cid,combined,2019,35874,
1295,cid,combined,2019,834370,
1296,cid,combined,2019,70017,
1297,cid,combined,2019,60127,
1298,cid,combined,2019,60216,248337
1299,cid,combined,2019,73802,103588.4
1300,cid,combined,2019,59536,
1301,cid,combined,2019,840034,661493.01
1302,cid,combined,2019,50672,
1303,cid,combined,2019,50555,
1304,cid,combined,2019,50551,2216935
1305,cid,combined,2019,840918,
1306,cid,combined,2019,62817,
1307,cid,combined,2019,59969,
1308,cid,combined,2019,841155,
1309,cid,combined,2019,60108,
1310,cid,combined,2019,60392,
1311,cid,combined,2019,68337,
1312,cid,combined,2019,60229,1314864
1313,cid,combined,2019,36223,
1314,cid,combined,2019,54274,
1315,cid,combined,2019,54349,
1316,cid,combined,2019,73637,
1317,cid,combined,2019,59552,
1318,cid,combined,2019,73806,26041.42
1319,cid,combined,2019,54082,
1320,cid,combined,2019,54116,
1321,cid,combined,2019,31156,
1322,cid,combined,2019,10495,9832744
1323,cid,combined,2019,54681,
1324,cid,combined,2019,834219,597072.53
1325,cid,combined,2019,60264,
1326,cid,combined,2019,60007,
1327,cid,combined,2019,59563,92150
1328,cid,combined,2019,840931,
1329,cid,combined,2019,74418,
1330,cid,combined,2019,49330,8752052
1331,cid,combined,2019,54513,434888
1332,cid,combined,2019,32550,
1333,cid,combined,2019,43923,
1334,cid,combined,2019,54687,
1335,cid,combined,2019,36002,
1336,cid,combined,2019,46473,
1337,cid,combined,2019,54361,
1338,cid,combined,2019,840943,
1339,cid,combined,2019,50211,
1340,cid,combined,2019,35865,
1341,cid,combined,2019,54347,
1342,cid,combined,2019,35913,
1343,cid,combined,2019,36410,10895757
1344,cid,combined,2019,54521,
1345,cid,combined,2019,73680,85990.84
1346,cid,combined,2019,60213,
1347,cid,combined,2019,840018,
1348,cid,combined,2019,35905,
1349,cid,combined,2019,54029,
1350,cid,combined,2019,61467,
1351,cid,combined,2019,69824,
1352,cid,combined,2019,50388,
1353,cid,combined,2019,60588,
1354,cid,combined,2019,834202,
1355,cid,combined,2019,74678,
1356,cid,combined,2019,831999,
1357,cid,combined,2019,31173,
1358,cid,combined,2019,73750,
1359,cid,combined,2019,31180,
1360,cid,combined,2019,59669,205886
1361,cid,combined,2019,20113,
1362,cid,combined,2019,1093,
1363,cid,combined,2019,54391,
1364,cid,combined,2019,73666,16197834
1365,cid,combined,2019,58357,
1366,cid,combined,2019,60633,
1367,cid,combined,2019,35872,2916963
1368,cid,combined,2019,73690,48040.76
1369,cid,combined,2019,54100,
1370,cid,combined,2019,59996,
1371,cid,combined,2019,73648,90391.06
1372,cid,combined,2019,73530,287962
1373,cid,combined,2019,50650,80372
1374,cid,combined,2019,31158,
1375,cid,combined,2019,44077,3055230.86
1376,cid,combined,2019,37241,
1377,cid,combined,2019,59180,
1378,cid,combined,2019,37038,
1379,cid,combined,2019,54306,
1380,cid,combined,2019,60272,
1381,cid,combined,2019,54709,
1382,cid,combined,2019,839972,
1383,cid,combined,2019,60410,
1384,cid,combined,2019,50571,262045
1385,cid,combined,2019,826380,
1386,cid,combined,2019,43969,
1387,cid,combined,2019,61790,95497.78
1388,cid,combined,2019,55324,
1389,cid,combined,2019,68373,
1390,cid,combined,2019,50674,
1391,cid,combined,2019,59657,
1392,cid,combined,2019,43907,
1393,cid,combined,2019,73671,308774.07
1394,cid,combined,2019,50665,
1395,cid,combined,2019,35858,
1396,cid,combined,2019,53860,
1397,cid,combined,2019,35863,
1398,cid,combined,2019,73787,446872.6
1399,cid,combined,2019,60416,
1400,cid,combined,2019,834278,
1401,cid,combined,2019,69968,
1402,cid,combined,2019,69999,311.86
1403,cid,combined,2019,35915,
1404,cid,combined,2019,31009,
1405,cid,combined,2019,54367,
1406,cid,combined,2019,43921,
1407,cid,combined,2019,59538,7447065
1408,cid,combined,2019,834406,
1409,cid,combined,2019,50154,363926
1410,cid,combined,2019,49344,
1411,cid,combined,2019,54066,950705.52
1412,cid,combined,2019,58530,
1413,cid,combined,2019,68385,
1414,cid,combined,2019,54651,
1415,cid,combined,2019,54409,878000
1416,cid,combined,2019,31165,
1417,cid,combined,2019,834347,
1418,cid,combined,2019,58595,
1419,cid,combined,2019,59166,
1420,cid,combined,2019,54075,
1421,cid,combined,2019,36491,
1422,cid,combined,2019,840936,
1423,cid,combined,2019,60374,
1424,cid,combined,2019,50544,
1425,cid,combined,2019,49787,
1426,cid,combined,2019,58485,425035
1427,cid,combined,2019,35887,
1428,cid,combined,2019,35268,
1429,cid,combined,2019,60417,811350.2
1430,cid,combined,2019,54627,
1431,cid,combined,2019,36289,
1432,cid,combined,2019,831620,
1433,cid,combined,2019,840328,
1434,cid,combined,2019,73762,
1435,cid,combined,2019,50383,1068820
1436,cid,combined,2019,839982,
1437,cid,combined,2019,73663,55148.52
1438,cid,combined,2019,50568,
1439,cid,combined,2019,62855,
1440,cid,combined,2019,43938,26089109
1441,cid,combined,2019,59167,
1442,cid,combined,2019,839967,
1443,cid,combined,2019,54335,1199556.19
1444,cid,combined,2019,61876,
1445,cid,combined,2019,60029,428467.45
1446,cid,combined,2019,50782,
1447,cid,combined,2019,50384,
1448,cid,combined,2019,840935,
1449,cid,combined,2019,826207,1554768
1450,cid,combined,2019,54670,
1451,cid,combined,2019,834167,
1452,cid,combined,2019,60279,
1453,cid,combined,2019,54277,
1454,cid,combined,2019,58531,467600
1455,cid,combined,2019,54637,1382392
1456,cid,combined,2019,58621,306452.03
1457,cid,combined,2019,826446,
1458,cid,combined,2019,54497,
1459,cid,combined,2019,31176,14757840
1460,cid,combined,2019,43937,
1461,cid,combined,2019,59124,
1462,cid,combined,2019,60381,
1463,cid,combined,2019,50373,3921114
1464,cid,combined,2019,35755,90
1465,cid,combined,2019,54356,
1466,cid,combined,2019,831230,
1467,cid,combined,2019,31174,
1468,cid,combined,2019,54697,
1469,cid,combined,2019,54037,
1470,cid,combined,2019,831433,
1471,cid,combined,2019,58783,
1472,cid,combined,2019,54388,
1473,cid,combined,2019,31167,
1474,cid,combined,2019,74680,
1475,cid,combined,2019,73715,17709.61
1476,cid,combined,2019,35894,
1477,cid,combined,2019,36265,
1478,cid,combined,2019,840917,
1479,cid,combined,2019,73746,
1480,cid,combined,2019,73738,
1481,cid,combined,2019,59653,246824.99
1482,cid,combined,2019,54253,
1483,cid,combined,2019,36512,
1484,cid,combined,2019,54652,
1485,cid,combined,2019,49333,9955664
1486,cid,combined,2019,74414,
1487,cid,combined,2019,50398,
1488,cid,combined,2019,54370,
1489,cid,combined,2019,58489,170031
1490,cid,combined,2019,54633,
1491,cid,combined,2019,31055,
1492,cid,combined,2019,35864,
1493,cid,combined,2019,68388,
1494,cid,combined,2019,54683,
1495,cid,combined,2019,60388,
1496,cid,combined,2019,840944,
1497,cid,combined,2019,45219,
1498,cid,combined,2019,58591,
1499,cid,combined,2019,60347,
1500,cid,combined,2019,3417,38275608
1501,cid,combined,2019,61753,
1502,cid,combined,2020,49335,7072772.9
1503,cid,combined,2020,60278,
1504,cid,combined,2020,57509,
1505,cid,combined,2020,60114,
1506,cid,combined,2020,32550,4667359
1507,cid,combined,2020,54519,235162
1508,cid,combined,2020,35897,2350698
1509,cid,combined,2020,68383,
1510,cid,combined,2020,59563,151435
1511,cid,combined,2020,31165,423639
1512,cid,combined,2020,49347,
1513,cid,combined,2020,848408,
1514,cid,combined,2020,60271,
1515,cid,combined,2020,54386,7258677
1516,cid,combined,2020,840018,
1517,cid,combined,2020,845302,
1518,cid,combined,2020,59572,304602.49
1519,cid,combined,2020,35859,8492078
1520,cid,combined,2020,50354,
1521,cid,combined,2020,50674,
1522,cid,combined,2020,31167,
1523,cid,combined,2020,3422,20652935
1524,cid,combined,2020,60117,
1525,cid,combined,2020,49342,
1526,cid,combined,2020,31108,19811156
1527,cid,combined,2020,50154,411300
1528,cid,combined,2020,58310,
1529,cid,combined,2020,845309,
1530,cid,combined,2020,50220,2012051
1531,cid,combined,2020,59165,228362
1532,cid,combined,2020,54667,
1533,cid,combined,2020,16581,
1534,cid,combined,2020,60400,
1535,cid,combined,2020,31051,
1536,cid,combined,2020,35883,4665341
1537,cid,combined,2020,44299,42046607
1538,cid,combined,2020,62855,0
1539,cid,combined,2020,43911,5799445
1540,cid,combined,2020,60656,
1541,cid,combined,2020,54364,
1542,cid,combined,2020,59558,
1543,cid,combined,2020,60369,
1544,cid,combined,2020,31186,
1545,cid,combined,2020,74453,37164
1546,cid,combined,2020,848122,
1547,cid,combined,2020,43970,
1548,cid,combined,2020,847922,
1549,cid,combined,2020,55799,
1550,cid,combined,2020,49339,
1551,cid,combined,2020,73765,
1552,cid,combined,2020,60274,
1553,cid,combined,2020,2185,1160224.67
1554,cid,combined,2020,31117,99924
1555,cid,combined,2020,54603,
1556,cid,combined,2020,43930,
1557,cid,combined,2020,59653,246824.99
1558,cid,combined,2020,839650,
1559,cid,combined,2020,13113,1119584.19
1560,cid,combined,2020,36036,
1561,cid,combined,2020,31163,35855648
1562,cid,combined,2020,59180,
1563,cid,combined,2020,50385,
1564,cid,combined,2020,60546,
1565,cid,combined,2020,50680,61
1566,cid,combined,2020,31166,
1567,cid,combined,2020,50650,86436
1568,cid,combined,2020,73802,103588.4
1569,cid,combined,2020,848138,
1570,cid,combined,2020,43905,17133994
1571,cid,combined,2020,50368,
1572,cid,combined,2020,63999,312054.21
1573,cid,combined,2020,31177,
1574,cid,combined,2020,54697,
1575,cid,combined,2020,832610,1777667
1576,cid,combined,2020,59167,206.11
1577,cid,combined,2020,60233,
1578,cid,combined,2020,839673,
1579,cid,combined,2020,58595,382671.29
1580,cid,combined,2020,51079,
1581,cid,combined,2020,3429,814553
1582,cid,combined,2020,54034,
1583,cid,combined,2020,59678,524034
1584,cid,combined,2020,73530,287962
1585,cid,combined,2020,36044,
1586,cid,combined,2020,13506,846215.69
1587,cid,combined,2020,36223,
1588,cid,combined,2020,840936,
1589,cid,combined,2020,1850,3134377.46
1590,cid,combined,2020,59537,
1591,cid,combined,2020,59631,518175.67
1592,cid,combined,2020,60387,
1593,cid,combined,2020,50792,86506
1594,cid,combined,2020,50545,
1595,cid,combined,2020,32480,240706.57
1596,cid,combined,2020,50381,
1597,cid,combined,2020,58865,153792
1598,cid,combined,2020,832274,
1599,cid,combined,2020,35755,
1600,cid,combined,2020,58609,
1601,cid,combined,2020,60318,
1602,cid,combined,2020,841540,3030509.13
1603,cid,combined,2020,31112,
1604,cid,combined,2020,60307,
1605,cid,combined,2020,54048,
1606,cid,combined,2020,55371,
1607,cid,combined,2020,44077,3055230.86
1608,cid,combined,2020,50558,3013000
1609,cid,combined,2020,826210,
1610,cid,combined,2020,69848,
1611,cid,combined,2020,50549,
1612,cid,combined,2020,54337,
1613,cid,combined,2020,50794,
1614,cid,combined,2020,826381,
1615,cid,combined,2020,54100,
1616,cid,combined,2020,58395,170335.9
1617,cid,combined,2020,60588,
1618,cid,combined,2020,842160,
1619,cid,combined,2020,73879,
1620,cid,combined,2020,74423,
1621,cid,combined,2020,52897,
1622,cid,combined,2020,50665,
1623,cid,combined,2020,840371,242269
1624,cid,combined,2020,35274,
1625,cid,combined,2020,54510,256449
1626,cid,combined,2020,35860,
1627,cid,combined,2020,59707,
1628,cid,combined,2020,17411,
1629,cid,combined,2020,54098,
1630,cid,combined,2020,50380,
1631,cid,combined,2020,59538,7524492
1632,cid,combined,2020,54652,
1633,cid,combined,2020,36152,
1634,cid,combined,2020,36282,
1635,cid,combined,2020,31169,
1636,cid,combined,2020,59669,205886
1637,cid,combined,2020,49330,
1638,cid,combined,2020,59166,
1639,cid,combined,2020,54298,
1640,cid,combined,2020,50555,11701626
1641,cid,combined,2020,53921,
1642,cid,combined,2020,58671,158995
1643,cid,combined,2020,54409,882000
1644,cid,combined,2020,68378,
1645,cid,combined,2020,848404,
1646,cid,combined,2020,60374,
1647,cid,combined,2020,31172,22473254.86
1648,cid,combined,2020,43938,26362398
1649,cid,combined,2020,50394,
1650,cid,combined,2020,58796,
1651,cid,combined,2020,826211,
1652,cid,combined,2020,44185,3581991.32
1653,cid,combined,2020,841964,458941
1654,cid,combined,2020,31156,
1655,cid,combined,2020,826238,
1656,cid,combined,2020,35848,
1657,cid,combined,2020,840036,213237.03
1658,cid,combined,2020,60268,
1659,cid,combined,2020,43934,
1660,cid,combined,2020,54111,
1661,cid,combined,2020,54459,524194
1662,cid,combined,2020,73671,308774.07
1663,cid,combined,2020,55334,514245
1664,cid,combined,2020,53860,
1665,cid,combined,2020,54088,
1666,cid,combined,2020,54327,
1667,cid,combined,2020,826209,
1668,cid,combined,2020,840926,86525.25
1669,cid,combined,2020,54078,924580
1670,cid,combined,2020,58513,399711
1671,cid,combined,2020,55325,200609
1672,cid,combined,2020,35885,
1673,cid,combined,2020,57347,
1674,cid,combined,2020,49334,
1675,cid,combined,2020,31181,9050464.4
1676,cid,combined,2020,50378,988330.85
1677,cid,combined,2020,50392,
1678,cid,combined,2020,59151,140830
1679,cid,combined,2020,11315,1967000
1680,cid,combined,2020,826450,2069613.77
1681,cid,combined,2020,840529,
1682,cid,combined,2020,74671,
1683,cid,combined,2020,50544,
1684,cid,combined,2020,58591,
1685,cid,combined,2020,74508,
1686,cid,combined,2020,8242,824063
1687,cid,combined,2020,60394,
1688,cid,combined,2020,74695,
1689,cid,combined,2020,70005,
1690,cid,combined,2020,841269,851993.6
1691,cid,combined,2020,54119,10855
1692,cid,combined,2020,50568,2255036
1693,cid,combined,2020,73680,85990.84
1694,cid,combined,2020,3203,15893258
1695,cid,combined,2020,839672,
1696,cid,combined,2020,54274,
1697,cid,combined,2020,43928,1704845
1698,cid,combined,2020,848478,
1699,cid,combined,2020,50358,
1700,cid,combined,2020,35993,
1701,cid,combined,2020,831230,
1702,cid,combined,2020,49333,9955664
1703,cid,combined,2020,58357,221361
1704,cid,combined,2020,31110,
1705,cid,combined,2020,60236,
1706,cid,combined,2020,54696,
1707,cid,combined,2020,63919,
1708,cid,combined,2020,58485,425035
1709,cid,combined,2020,54082,
1710,cid,combined,2020,35877,5010418
1711,cid,combined,2020,832838,
1712,cid,combined,2020,35475,
1713,cid,combined,2020,35905,
1714,cid,combined,2020,54402,690300
1715,cid,combined,2020,35898,9224532
1716,cid,combined,2020,36470,
1717,cid,combined,2020,50678,
1718,cid,combined,2020,826103,
1719,cid,combined,2020,73650,41546.22
1720,cid,combined,2020,58530,
1721,cid,combined,2020,73667,
1722,cid,combined,2020,60399,
1723,cid,combined,2020,74672,23035
1724,cid,combined,2020,50565,
1725,cid,combined,2020,10495,18078957
1726,cid,combined,2020,50386,
1727,cid,combined,2020,50359,2653478
1728,cid,combined,2020,60216,236477
1729,cid,combined,2020,60349,
1730,cid,combined,2020,839665,
1731,cid,combined,2020,54538,536875.86
1732,cid,combined,2020,54268,1375920.88
1733,cid,combined,2020,826396,541707
1734,cid,combined,2020,74466,
1735,cid,combined,2020,60410,222008.13
1736,cid,combined,2020,63601,
1737,cid,combined,2020,60388,
1738,cid,combined,2020,54614,
1739,cid,combined,2020,54687,
1740,cid,combined,2020,834373,186723
1741,cid,combined,2020,35863,
1742,cid,combined,2020,31175,3395503
1743,cid,combined,2020,36285,
1744,cid,combined,2020,55324,708903
1745,cid,combined,2020,826208,
1746,cid,combined,2020,73413,
1747,cid,combined,2020,43975,
1748,cid,combined,2020,831616,
1749,cid,combined,2020,73637,
1750,cid,combined,2020,73666,16809805
1751,cid,combined,2020,848474,464498.34
1752,cid,combined,2020,46514,434026
1753,cid,combined,2020,49360,
1754,cid,combined,2020,57616,
1755,cid,combined,2020,63616,
1756,cid,combined,2020,845307,95995.47
1757,cid,combined,2020,60603,
1758,cid,combined,2020,59633,
1759,cid,combined,2020,50550,
1760,cid,combined,2020,832097,
1761,cid,combined,2020,52638,
1762,cid,combined,2020,35880,2478424
1763,cid,combined,2020,54625,
1764,cid,combined,2020,74643,945655.06
1765,cid,combined,2020,58797,60999.51
1766,cid,combined,2020,60229,123657
1767,cid,combined,2020,60264,
1768,cid,combined,2020,31174,16959120
1769,cid,combined,2020,36469,
1770,cid,combined,2020,60073,706938.65
1771,cid,combined,2020,59969,
1772,cid,combined,2020,36037,4174608
1773,cid,combined,2020,60361,
1774,cid,combined,2020,35893,
1775,cid,combined,2020,74594,445882.3
1776,cid,combined,2020,50782,
1777,cid,combined,2020,69968,
1778,cid,combined,2020,60379,
1779,cid,combined,2020,54124,1440313
1780,cid,combined,2020,60433,91007.63
1781,cid,combined,2020,60272,
1782,cid,combined,2020,832009,
1783,cid,combined,2020,839980,
1784,cid,combined,2020,20113,2425449
1785,cid,combined,2020,35862,
1786,cid,combined,2020,31182,3950332
1787,cid,combined,2020,826427,
1788,cid,combined,2020,59536,
1789,cid,combined,2020,3417,38275608
1790,cid,combined,2020,60125,
1791,cid,combined,2020,35858,9060450
1792,cid,combined,2020,36426,
1793,cid,combined,2020,36494,844474
1794,cid,combined,2020,60110,
1795,cid,combined,2020,36501,
1796,cid,combined,2020,74531,
1797,cid,combined,2020,73295,
1798,cid,combined,2020,31114,
1799,cid,combined,2020,53959,
1800,cid,combined,2020,74563,
1801,cid,combined,2020,54395,16312206.14
1802,cid,combined,2020,31113,10986381
1803,cid,combined,2020,36032,
1804,cid,combined,2020,73669,255610
1805,cid,combined,2020,55800,671622
1806,cid,combined,2020,63862,
1807,cid,combined,2020,68296,577699
1808,cid,combined,2020,69850,
1809,cid,combined,2020,74414,
1810,cid,combined,2020,54114,
1811,cid,combined,2020,54109,
1812,cid,combined,2020,54681,
1813,cid,combined,2020,54529,
1814,cid,combined,2020,848409,
1815,cid,combined,2020,31155,6489679.65
1816,cid,combined,2020,31090,3441161
1817,cid,combined,2020,54488,350122
1818,cid,combined,2020,36261,485684
1819,cid,combined,2020,54108,
1820,cid,combined,2020,74558,
1821,cid,combined,2020,37241,
1822,cid,combined,2020,834139,
1823,cid,combined,2020,54637,337318.15
1824,cid,combined,2020,831431,3223629
1825,cid,combined,2020,50578,2072005.65
1826,cid,combined,2020,31176,14757840
1827,cid,combined,2020,35872,
1828,cid,combined,2020,36274,
1829,cid,combined,2020,43909,
1830,cid,combined,2020,35884,
1831,cid,combined,2020,42388,
1832,cid,combined,2020,58488,
1833,cid,combined,2020,43912,9939736
1834,cid,combined,2020,50540,
1835,cid,combined,2020,54092,950515
1836,cid,combined,2020,63543,100251.76
1837,cid,combined,2020,59958,
1838,cid,combined,2020,54348,
1839,cid,combined,2020,60599,
1840,cid,combined,2020,55373,
1841,cid,combined,2020,54345,
1842,cid,combined,2020,49367,
1843,cid,combined,2020,58531,485574
1844,cid,combined,2020,839668,
1845,cid,combined,2020,68373,
1846,cid,combined,2020,840269,
1847,cid,combined,2020,845133,
1848,cid,combined,2020,54491,
1849,cid,combined,2020,5871,5925463.83
1850,cid,combined,2020,840943,
1851,cid,combined,2020,74607,
1852,cid,combined,2020,43907,
1853,cid,combined,2020,31109,993193.74
1854,cid,combined,2020,31009,606636
1855,cid,combined,2020,831618,
1856,cid,combined,2020,43914,
1857,cid,combined,2020,68385,
1858,cid,combined,2020,50387,
1859,cid,combined,2020,54700,
1860,cid,combined,2020,35879,2935483.84
1861,cid,combined,2020,50384,
1862,cid,combined,2020,70261,
1863,cid,combined,2020,840313,
1864,cid,combined,2020,54478,
1865,cid,combined,2020,36043,
1866,cid,combined,2020,35867,
1867,cid,combined,2020,54070,977911
1868,cid,combined,2020,62791,
1869,cid,combined,2020,834251,0
1870,cid,combined,2020,31446,3482634
1871,cid,combined,2020,58621,389004.62
1872,cid,combined,2020,31148,
1873,cid,combined,2020,832509,
1874,cid,combined,2020,826236,
1875,cid,combined,2020,54265,1110100
1876,cid,combined,2020,35864,
1877,cid,combined,2020,35894,
1878,cid,combined,2020,54650,
1879,cid,combined,2020,50383,1037671
1880,cid,combined,2020,58346,
1881,cid,combined,2020,60392,192240
1882,cid,combined,2020,43910,5131800.29
1883,cid,combined,2020,58413,679243
1884,cid,combined,2020,36039,
1885,cid,combined,2020,45219,
1886,cid,combined,2020,54662,
1887,cid,combined,2020,848476,0
1888,cid,combined,2020,54029,
1889,cid,combined,2020,31153,9808000
1890,cid,combined,2020,59996,
1891,cid,combined,2020,60385,
1892,cid,combined,2020,59642,
1893,cid,combined,2020,58668,728024
1894,cid,combined,2020,61790,121584
1895,cid,combined,2020,54075,827143
1896,cid,combined,2020,54670,
1897,cid,combined,2020,74463,
1898,cid,combined,2020,69999,311.86
1899,cid,combined,2020,14344,160849
1900,cid,combined,2020,60279,
1901,cid,combined,2020,73725,447250.27
1902,cid,combined,2020,826212,
1903,cid,combined,2020,54060,
1904,cid,combined,2020,840178,
1905,cid,combined,2020,54692,
1906,cid,combined,2020,50375,
1907,cid,combined,2020,58627,
1908,cid,combined,2020,50551,2216935
1909,cid,combined,2020,54037,
1910,cid,combined,2020,54641,
1911,cid,combined,2020,54085,2063648
1912,cid,combined,2020,54633,
1913,cid,combined,2020,43940,769628
1914,cid,combined,2020,31150,
1915,cid,combined,2020,840521,
1916,cid,combined,2020,35865,
1917,cid,combined,2020,74401,390600
1918,cid,combined,2020,55801,783518
1919,cid,combined,2020,54521,1027342
1920,cid,combined,2020,60273,
1921,cid,combined,2020,848127,
1922,cid,combined,2020,51374,
1923,cid,combined,2020,834126,711226
1924,cid,combined,2020,60638,
1925,cid,combined,2020,36477,
1926,cid,combined,2020,58483,
1927,cid,combined,2020,54104,768765
1928,cid,combined,2020,73645,353742
1929,cid,combined,2020,49327,1941206
1930,cid,combined,2020,826207,1554768
1931,cid,combined,2020,50566,5178548
1932,cid,combined,2020,50571,263675
1933,cid,combined,2020,54290,
1934,cid,combined,2020,834406,
1935,cid,combined,2020,54349,
1936,cid,combined,2020,839667,
1937,cid,combined,2020,826237,
1938,cid,combined,2020,840039,12128.27
1939,cid,combined,2020,50208,
1940,cid,combined,2020,834229,446389.91
1941,cid,combined,2020,36262,
1942,cid,combined,2020,834058,
1943,cid,combined,2020,74488,
1944,cid,combined,2020,42384,2031483
1945,cid,combined,2020,46470,561044
1946,cid,combined,2020,840924,
1947,cid,combined,2020,60409,
1948,cid,combined,2020,832078,
1949,cid,combined,2020,42120,
1950,cid,combined,2020,50389,
1951,cid,combined,2020,60258,
1952,cid,combined,2020,826182,
1953,cid,combined,2020,826380,
1954,cid,combined,2020,55419,
1955,cid,combined,2020,54498,0
1956,cid,combined,2020,826201,
1957,cid,combined,2020,60284,
1958,cid,combined,2020,831152,
1959,cid,combined,2020,54617,
1960,cid,combined,2020,50559,873881
1961,cid,combined,2020,50543,
1962,cid,combined,2020,845132,31592.33
1963,cid,combined,2020,843399,629434
1964,cid,combined,2020,35857,
1965,cid,combined,2020,74418,
1966,cid,combined,2020,60339,
1967,cid,combined,2020,50398,
1968,cid,combined,2020,43937,
1969,cid,combined,2020,62868,
1970,cid,combined,2020,50560,2678259
1971,cid,combined,2020,848125,
1972,cid,combined,2020,73684,0
1973,cid,combined,2020,59644,
1974,cid,combined,2020,60633,
1975,cid,combined,2020,60092,
1976,cid,combined,2020,53829,
1977,cid,combined,2020,35878,
1978,cid,combined,2020,58626,
1979,cid,combined,2020,54517,455709
1980,cid,combined,2020,54116,
1981,cid,combined,2020,54329,2647385
1982,cid,combined,2020,42123,
1983,cid,combined,2020,54113,667175.73
1984,cid,combined,2020,1499,
1985,cid,combined,2020,31170,
1986,cid,combined,2020,50377,
1987,cid,combined,2020,50203,
1988,cid,combined,2020,31187,
1989,cid,combined,2020,49345,
1990,cid,combined,2020,831926,
1991,cid,combined,2020,69995,
1992,cid,combined,2020,52894,
1993,cid,combined,2020,43932,8414058
1994,cid,combined,2020,834374,
1995,cid,combined,2020,69973,
1996,cid,combined,2020,69824,
1997,cid,combined,2020,31149,383677
1998,cid,combined,2020,50541,
1999,cid,combined,2020,35268,4172502
2000,cid,combined,2020,35903,
2001,cid,combined,2020,54388,16200490
2002,cid,combined,2020,73301,
2003,cid,combined,2020,31146,9856045
2004,cid,combined,2020,31184,
2005,cid,combined,2020,50673,
2006,cid,combined,2020,31173,
2007,cid,combined,2020,60393,
2008,cid,combined,2020,36158,2559322
2009,cid,combined,2020,49172,
2010,cid,combined,2020,35853,4687611
2011,cid,combined,2020,58489,170031
2012,cid,combined,2020,53254,376929
2013,cid,combined,2020,60142,
2014,cid,combined,2020,59535,
2015,cid,combined,2020,19233,
2016,cid,combined,2020,1184,
2017,cid,combined,2020,59562,
2018,cid,combined,2020,60105,1540730.01
2019,cid,combined,2020,35873,4731406
2020,cid,combined,2020,56276,
2021,cid,combined,2020,35886,2299973
2022,cid,combined,2020,827048,
2023,cid,combined,2020,63562,805302.88
2024,cid,combined,2020,841003,
2025,cid,combined,2020,10894,18683071
2026,cid,combined,2020,44210,38090341
2027,cid,combined,2020,31157,
2028,cid,combined,2020,826407,
2029,cid,combined,2020,60168,
2030,cid,combined,2020,841098,
2031,cid,combined,2020,31179,16664532
2032,cid,combined,2020,43917,
2033,cid,combined,2020,54291,
2034,cid,combined,2020,840161,
2035,cid,combined,2020,55372,
2036,cid,combined,2020,840244,
2037,cid,combined,2020,74575,
2038,cid,combined,2020,50361,
2039,cid,combined,2020,31115,8622822
2040,cid,combined,2020,37261,
2041,cid,combined,2020,60267,
2042,cid,combined,2020,60126,88000
2043,cid,combined,2020,35870,
2044,cid,combined,2020,63941,
2045,cid,combined,2020,73706,409039
2046,cid,combined,2020,68388,
2047,cid,combined,2020,36286,
2048,cid,combined,2020,826429,
2049,cid,combined,2020,834083,
2050,cid,combined,2020,831999,14600.62
2051,cid,combined,2020,73750,
2052,cid,combined,2020,74546,
2053,cid,combined,2020,54110,731059
2054,cid,combined,2020,839666,
2055,cid,combined,2020,31111,
2056,cid,combined,2020,54389,
2057,cid,combined,2020,54579,
2058,cid,combined,2020,31052,
2059,cid,combined,2020,35449,892116
2060,cid,combined,2020,59124,
2061,cid,combined,2020,58871,
2062,cid,combined,2020,833284,8681840.36
2063,cid,combined,2020,35874,8666375
2064,cid,combined,2020,42178,
2065,cid,combined,2020,848129,
2066,cid,combined,2020,54632,
2067,cid,combined,2020,831674,
